classification,year,period,period_desc,aggregate_level,is_leaf_code,trade_flow_code,trade_flow,reporter_code,reporter,reporter_iso,partner_code,partner,partner_iso,second_partner_code,second_partner,second_partner_iso,customs_proc_code,customs,mode_of_transport_code,mode_of_transport,commodity_code,commodity,qty_unit_code,qty_unit,alt_qty_unit_code,alt_qty_unit,qty,alt_qty,netweight_kg,gross_weight_kg,trade_value_usd,cif_trade_value_usd,fob_trade_value_usd,flag
H0,1995,1995,1995,0,0,1,Import,320,Guatemala,GTM,156,China,CHN,NA,NA,NA,NA,NA,NA,NA,TOTAL,ALL COMMODITIES,1,No Quantity,NA,NA,NA,NA,NA,NA,3585116,NA,NA,0
H0,1995,1995,1995,0,0,2,Export,320,Guatemala,GTM,156,China,CHN,NA,NA,NA,NA,NA,NA,NA,TOTAL,ALL COMMODITIES,1,No Quantity,NA,NA,NA,NA,NA,NA,34048436,NA,NA,0
H0,1995,1995,1995,0,0,1,Import,320,Guatemala,GTM,222,El Salvador,SLV,NA,NA,NA,NA,NA,NA,NA,TOTAL,ALL COMMODITIES,1,No Quantity,NA,NA,NA,NA,NA,NA,161167696,NA,NA,0
H0,1995,1995,1995,0,0,2,Export,320,Guatemala,GTM,222,El Salvador,SLV,NA,NA,NA,NA,NA,NA,NA,TOTAL,ALL COMMODITIES,1,No Quantity,NA,NA,NA,NA,NA,NA,268853408,NA,NA,0
H0,1995,1995,1995,0,0,1,Import,320,Guatemala,GTM,484,Mexico,MEX,NA,NA,NA,NA,NA,NA,NA,TOTAL,ALL COMMODITIES,1,No Quantity,NA,NA,NA,NA,NA,NA,308167616,NA,NA,0
H0,1995,1995,1995,0,0,2,Export,320,Guatemala,GTM,484,Mexico,MEX,NA,NA,NA,NA,NA,NA,NA,TOTAL,ALL COMMODITIES,1,No Quantity,NA,NA,NA,NA,NA,NA,44995304,NA,NA,0
H0,1995,1995,1995,0,0,1,Import,320,Guatemala,GTM,842,USA,USA,NA,NA,NA,NA,NA,NA,NA,TOTAL,ALL COMMODITIES,1,No Quantity,NA,NA,NA,NA,NA,NA,1478397696,NA,NA,0
H0,1995,1995,1995,0,0,2,Export,320,Guatemala,GTM,842,USA,USA,NA,NA,NA,NA,NA,NA,NA,TOTAL,ALL COMMODITIES,1,No Quantity,NA,NA,NA,NA,NA,NA,605813056,NA,NA,0
H0,1996,1996,1996,0,0,1,Import,320,Guatemala,GTM,156,China,CHN,NA,NA,NA,NA,NA,NA,NA,TOTAL,ALL COMMODITIES,1,No Quantity,NA,NA,NA,NA,NA,NA,4891269,NA,NA,0
H0,1996,1996,1996,0,0,2,Export,320,Guatemala,GTM,156,China,CHN,NA,NA,NA,NA,NA,NA,NA,TOTAL,ALL COMMODITIES,1,No Quantity,NA,NA,NA,NA,NA,NA,81889,NA,NA,0
H0,1996,1996,1996,0,0,1,Import,320,Guatemala,GTM,222,El Salvador,SLV,NA,NA,NA,NA,NA,NA,NA,TOTAL,ALL COMMODITIES,1,No Quantity,NA,NA,NA,NA,NA,NA,128678992,NA,NA,0
H0,1996,1996,1996,0,0,2,Export,320,Guatemala,GTM,222,El Salvador,SLV,NA,NA,NA,NA,NA,NA,NA,TOTAL,ALL COMMODITIES,1,No Quantity,NA,NA,NA,NA,NA,NA,257996080,NA,NA,0
H0,1996,1996,1996,0,0,1,Import,320,Guatemala,GTM,484,Mexico,MEX,NA,NA,NA,NA,NA,NA,NA,TOTAL,ALL COMMODITIES,1,No Quantity,NA,NA,NA,NA,NA,NA,322441952,NA,NA,0
H0,1996,1996,1996,0,0,2,Export,320,Guatemala,GTM,484,Mexico,MEX,NA,NA,NA,NA,NA,NA,NA,TOTAL,ALL COMMODITIES,1,No Quantity,NA,NA,NA,NA,NA,NA,79970720,NA,NA,0
H0,1996,1996,1996,0,0,1,Import,320,Guatemala,GTM,842,USA,USA,NA,NA,NA,NA,NA,NA,NA,TOTAL,ALL COMMODITIES,1,No Quantity,NA,NA,NA,NA,NA,NA,1409370240,NA,NA,0
H0,1996,1996,1996,0,0,2,Export,320,Guatemala,GTM,842,USA,USA,NA,NA,NA,NA,NA,NA,NA,TOTAL,ALL COMMODITIES,1,No Quantity,NA,NA,NA,NA,NA,NA,746701696,NA,NA,0
H1,1997,1997,1997,0,0,1,Import,320,Guatemala,GTM,156,China,CHN,NA,NA,NA,NA,NA,NA,NA,TOTAL,ALL COMMODITIES,1,No Quantity,NA,NA,NA,NA,NA,NA,5908905,NA,NA,0
H1,1997,1997,1997,0,0,2,Export,320,Guatemala,GTM,156,China,CHN,NA,NA,NA,NA,NA,NA,NA,TOTAL,ALL COMMODITIES,1,No Quantity,NA,NA,NA,NA,NA,NA,281641,NA,NA,0
H1,1997,1997,1997,0,0,1,Import,320,Guatemala,GTM,222,El Salvador,SLV,NA,NA,NA,NA,NA,NA,NA,TOTAL,ALL COMMODITIES,1,No Quantity,NA,NA,NA,NA,NA,NA,228453744,NA,NA,0
H1,1997,1997,1997,0,0,2,Export,320,Guatemala,GTM,222,El Salvador,SLV,NA,NA,NA,NA,NA,NA,NA,TOTAL,ALL COMMODITIES,1,No Quantity,NA,NA,NA,NA,NA,NA,310887712,NA,NA,0
H1,1997,1997,1997,0,0,1,Import,320,Guatemala,GTM,484,Mexico,MEX,NA,NA,NA,NA,NA,NA,NA,TOTAL,ALL COMMODITIES,1,No Quantity,NA,NA,NA,NA,NA,NA,438309696,NA,NA,0
H1,1997,1997,1997,0,0,2,Export,320,Guatemala,GTM,484,Mexico,MEX,NA,NA,NA,NA,NA,NA,NA,TOTAL,ALL COMMODITIES,1,No Quantity,NA,NA,NA,NA,NA,NA,77012608,NA,NA,0
H1,1997,1997,1997,0,0,1,Import,320,Guatemala,GTM,842,USA,USA,NA,NA,NA,NA,NA,NA,NA,TOTAL,ALL COMMODITIES,1,No Quantity,NA,NA,NA,NA,NA,NA,1613563264,NA,NA,0
H1,1997,1997,1997,0,0,2,Export,320,Guatemala,GTM,842,USA,USA,NA,NA,NA,NA,NA,NA,NA,TOTAL,ALL COMMODITIES,1,No Quantity,NA,NA,NA,NA,NA,NA,841222784,NA,NA,0
H1,1998,1998,1998,0,0,1,Import,320,Guatemala,GTM,156,China,CHN,NA,NA,NA,NA,NA,NA,NA,TOTAL,ALL COMMODITIES,1,No Quantity,NA,NA,NA,NA,NA,NA,7679062,NA,NA,0
H1,1998,1998,1998,0,0,2,Export,320,Guatemala,GTM,156,China,CHN,NA,NA,NA,NA,NA,NA,NA,TOTAL,ALL COMMODITIES,1,No Quantity,NA,NA,NA,NA,NA,NA,65617,NA,NA,0
H1,1998,1998,1998,0,0,1,Import,320,Guatemala,GTM,222,El Salvador,SLV,NA,NA,NA,NA,NA,NA,NA,TOTAL,ALL COMMODITIES,1,No Quantity,NA,NA,NA,NA,NA,NA,334751520,NA,NA,0
H1,1998,1998,1998,0,0,2,Export,320,Guatemala,GTM,222,El Salvador,SLV,NA,NA,NA,NA,NA,NA,NA,TOTAL,ALL COMMODITIES,1,No Quantity,NA,NA,NA,NA,NA,NA,320008928,NA,NA,0
H1,1998,1998,1998,0,0,1,Import,320,Guatemala,GTM,484,Mexico,MEX,NA,NA,NA,NA,NA,NA,NA,TOTAL,ALL COMMODITIES,1,No Quantity,NA,NA,NA,NA,NA,NA,485078112,NA,NA,0
H1,1998,1998,1998,0,0,2,Export,320,Guatemala,GTM,484,Mexico,MEX,NA,NA,NA,NA,NA,NA,NA,TOTAL,ALL COMMODITIES,1,No Quantity,NA,NA,NA,NA,NA,NA,105316192,NA,NA,0
H1,1998,1998,1998,0,0,1,Import,320,Guatemala,GTM,842,USA,USA,NA,NA,NA,NA,NA,NA,NA,TOTAL,ALL COMMODITIES,1,No Quantity,NA,NA,NA,NA,NA,NA,1962756224,NA,NA,0
H1,1998,1998,1998,0,0,2,Export,320,Guatemala,GTM,842,USA,USA,NA,NA,NA,NA,NA,NA,NA,TOTAL,ALL COMMODITIES,1,No Quantity,NA,NA,NA,NA,NA,NA,841759744,NA,NA,0
H1,1999,1999,1999,0,0,1,Import,320,Guatemala,GTM,156,China,CHN,NA,NA,NA,NA,NA,NA,NA,TOTAL,ALL COMMODITIES,1,No Quantity,NA,NA,NA,NA,NA,NA,9681597,NA,NA,0
H1,1999,1999,1999,0,0,2,Export,320,Guatemala,GTM,156,China,CHN,NA,NA,NA,NA,NA,NA,NA,TOTAL,ALL COMMODITIES,1,No Quantity,NA,NA,NA,NA,NA,NA,140612,NA,NA,0
H1,1999,1999,1999,0,0,1,Import,320,Guatemala,GTM,222,El Salvador,SLV,NA,NA,NA,NA,NA,NA,NA,TOTAL,ALL COMMODITIES,1,No Quantity,NA,NA,NA,NA,NA,NA,256944003,NA,NA,0
H1,1999,1999,1999,0,0,2,Export,320,Guatemala,GTM,222,El Salvador,SLV,NA,NA,NA,NA,NA,NA,NA,TOTAL,ALL COMMODITIES,1,No Quantity,NA,NA,NA,NA,NA,NA,356263342,NA,NA,0
H1,1999,1999,1999,0,0,1,Import,320,Guatemala,GTM,484,Mexico,MEX,NA,NA,NA,NA,NA,NA,NA,TOTAL,ALL COMMODITIES,1,No Quantity,NA,NA,NA,NA,NA,NA,498747350,NA,NA,0
H1,1999,1999,1999,0,0,2,Export,320,Guatemala,GTM,484,Mexico,MEX,NA,NA,NA,NA,NA,NA,NA,TOTAL,ALL COMMODITIES,1,No Quantity,NA,NA,NA,NA,NA,NA,97370204,NA,NA,0
H1,1999,1999,1999,0,0,1,Import,320,Guatemala,GTM,842,USA,USA,NA,NA,NA,NA,NA,NA,NA,TOTAL,ALL COMMODITIES,1,No Quantity,NA,NA,NA,NA,NA,NA,1892792648,NA,NA,0
H1,1999,1999,1999,0,0,2,Export,320,Guatemala,GTM,842,USA,USA,NA,NA,NA,NA,NA,NA,NA,TOTAL,ALL COMMODITIES,1,No Quantity,NA,NA,NA,NA,NA,NA,843505734,NA,NA,0
H1,2000,2000,2000,0,0,1,Import,320,Guatemala,GTM,156,China,CHN,NA,NA,NA,NA,NA,NA,NA,TOTAL,ALL COMMODITIES,1,No Quantity,NA,NA,NA,NA,NA,NA,44231208,NA,NA,0
H1,2000,2000,2000,0,0,2,Export,320,Guatemala,GTM,156,China,CHN,NA,NA,NA,NA,NA,NA,NA,TOTAL,ALL COMMODITIES,1,No Quantity,NA,NA,NA,NA,NA,NA,3010426,NA,NA,0
H1,2000,2000,2000,0,0,1,Import,320,Guatemala,GTM,222,El Salvador,SLV,NA,NA,NA,NA,NA,NA,NA,TOTAL,ALL COMMODITIES,1,No Quantity,NA,NA,NA,NA,NA,NA,313779207,NA,NA,0
H1,2000,2000,2000,0,0,2,Export,320,Guatemala,GTM,222,El Salvador,SLV,NA,NA,NA,NA,NA,NA,NA,TOTAL,ALL COMMODITIES,1,No Quantity,NA,NA,NA,NA,NA,NA,341088867,NA,NA,0
H1,2000,2000,2000,0,0,1,Import,320,Guatemala,GTM,484,Mexico,MEX,NA,NA,NA,NA,NA,NA,NA,TOTAL,ALL COMMODITIES,1,No Quantity,NA,NA,NA,NA,NA,NA,575990501,NA,NA,0
H1,2000,2000,2000,0,0,2,Export,320,Guatemala,GTM,484,Mexico,MEX,NA,NA,NA,NA,NA,NA,NA,TOTAL,ALL COMMODITIES,1,No Quantity,NA,NA,NA,NA,NA,NA,120182598,NA,NA,0
H1,2000,2000,2000,0,0,1,Import,320,Guatemala,GTM,842,USA,USA,NA,NA,NA,NA,NA,NA,NA,TOTAL,ALL COMMODITIES,1,No Quantity,NA,NA,NA,NA,NA,NA,2075342044,NA,NA,0
H1,2000,2000,2000,0,0,2,Export,320,Guatemala,GTM,842,USA,USA,NA,NA,NA,NA,NA,NA,NA,TOTAL,ALL COMMODITIES,1,No Quantity,NA,NA,NA,NA,NA,NA,978323003,NA,NA,0
H1,2001,2001,2001,0,0,1,Import,320,Guatemala,GTM,156,China,CHN,NA,NA,NA,NA,NA,NA,NA,TOTAL,ALL COMMODITIES,1,No Quantity,NA,NA,NA,NA,NA,NA,46287419,NA,NA,0
H1,2001,2001,2001,0,0,2,Export,320,Guatemala,GTM,156,China,CHN,NA,NA,NA,NA,NA,NA,NA,TOTAL,ALL COMMODITIES,1,No Quantity,NA,NA,NA,NA,NA,NA,452583,NA,NA,0
H1,2001,2001,2001,0,0,1,Import,320,Guatemala,GTM,222,El Salvador,SLV,NA,NA,NA,NA,NA,NA,NA,TOTAL,ALL COMMODITIES,1,No Quantity,NA,NA,NA,NA,NA,NA,414353963,NA,NA,0
H1,2001,2001,2001,0,0,2,Export,320,Guatemala,GTM,222,El Salvador,SLV,NA,NA,NA,NA,NA,NA,NA,TOTAL,ALL COMMODITIES,1,No Quantity,NA,NA,NA,NA,NA,NA,477108381,NA,NA,0
H1,2001,2001,2001,0,0,1,Import,320,Guatemala,GTM,484,Mexico,MEX,NA,NA,NA,NA,NA,NA,NA,TOTAL,ALL COMMODITIES,1,No Quantity,NA,NA,NA,NA,NA,NA,553160500,NA,NA,0
H1,2001,2001,2001,0,0,2,Export,320,Guatemala,GTM,484,Mexico,MEX,NA,NA,NA,NA,NA,NA,NA,TOTAL,ALL COMMODITIES,1,No Quantity,NA,NA,NA,NA,NA,NA,79053970,NA,NA,0
H1,2001,2001,2001,0,0,1,Import,320,Guatemala,GTM,842,USA,USA,NA,NA,NA,NA,NA,NA,NA,TOTAL,ALL COMMODITIES,1,No Quantity,NA,NA,NA,NA,NA,NA,2418890981,NA,NA,0
H1,2001,2001,2001,0,0,2,Export,320,Guatemala,GTM,842,USA,USA,NA,NA,NA,NA,NA,NA,NA,TOTAL,ALL COMMODITIES,1,No Quantity,NA,NA,NA,NA,NA,NA,644462606,NA,NA,0
H2,2002,2002,2002,0,0,1,Import,320,Guatemala,GTM,156,China,CHN,NA,NA,NA,NA,NA,NA,NA,TOTAL,ALL COMMODITIES,1,No Quantity,NA,NA,NA,NA,NA,NA,77952942,NA,NA,0
H2,2002,2002,2002,0,0,2,Export,320,Guatemala,GTM,156,China,CHN,NA,NA,NA,NA,NA,NA,NA,TOTAL,ALL COMMODITIES,1,No Quantity,NA,NA,NA,NA,NA,NA,136478,NA,NA,0
H2,2002,2002,2002,0,0,1,Import,320,Guatemala,GTM,222,El Salvador,SLV,NA,NA,NA,NA,NA,NA,NA,TOTAL,ALL COMMODITIES,1,No Quantity,NA,NA,NA,NA,NA,NA,383006837,NA,NA,0
H2,2002,2002,2002,0,0,2,Export,320,Guatemala,GTM,222,El Salvador,SLV,NA,NA,NA,NA,NA,NA,NA,TOTAL,ALL COMMODITIES,1,No Quantity,NA,NA,NA,NA,NA,NA,457513320,NA,NA,0
H2,2002,2002,2002,0,0,1,Import,320,Guatemala,GTM,484,Mexico,MEX,NA,NA,NA,NA,NA,NA,NA,TOTAL,ALL COMMODITIES,1,No Quantity,NA,NA,NA,NA,NA,NA,552573255,NA,NA,0
H2,2002,2002,2002,0,0,2,Export,320,Guatemala,GTM,484,Mexico,MEX,NA,NA,NA,NA,NA,NA,NA,TOTAL,ALL COMMODITIES,1,No Quantity,NA,NA,NA,NA,NA,NA,75950182,NA,NA,0
H2,2002,2002,2002,0,0,1,Import,320,Guatemala,GTM,842,USA,USA,NA,NA,NA,NA,NA,NA,NA,TOTAL,ALL COMMODITIES,1,No Quantity,NA,NA,NA,NA,NA,NA,2810524541,NA,NA,0
H2,2002,2002,2002,0,0,2,Export,320,Guatemala,GTM,842,USA,USA,NA,NA,NA,NA,NA,NA,NA,TOTAL,ALL COMMODITIES,1,No Quantity,NA,NA,NA,NA,NA,NA,728884547,NA,NA,0
H2,2003,2003,2003,0,0,1,Import,320,Guatemala,GTM,156,China,CHN,NA,NA,NA,NA,NA,NA,NA,TOTAL,ALL COMMODITIES,1,No Quantity,NA,NA,NA,NA,NA,NA,85452237,NA,NA,0
H2,2003,2003,2003,0,0,2,Export,320,Guatemala,GTM,156,China,CHN,NA,NA,NA,NA,NA,NA,NA,TOTAL,ALL COMMODITIES,1,No Quantity,NA,NA,NA,NA,NA,NA,3516840,NA,NA,0
H2,2003,2003,2003,0,0,1,Import,320,Guatemala,GTM,222,El Salvador,SLV,NA,NA,NA,NA,NA,NA,NA,TOTAL,ALL COMMODITIES,1,No Quantity,NA,NA,NA,NA,NA,NA,398974047,NA,NA,0
H2,2003,2003,2003,0,0,2,Export,320,Guatemala,GTM,222,El Salvador,SLV,NA,NA,NA,NA,NA,NA,NA,TOTAL,ALL COMMODITIES,1,No Quantity,NA,NA,NA,NA,NA,NA,501728806,NA,NA,0
H2,2003,2003,2003,0,0,1,Import,320,Guatemala,GTM,484,Mexico,MEX,NA,NA,NA,NA,NA,NA,NA,TOTAL,ALL COMMODITIES,1,No Quantity,NA,NA,NA,NA,NA,NA,561900453,NA,NA,0
H2,2003,2003,2003,0,0,2,Export,320,Guatemala,GTM,484,Mexico,MEX,NA,NA,NA,NA,NA,NA,NA,TOTAL,ALL COMMODITIES,1,No Quantity,NA,NA,NA,NA,NA,NA,106866725,NA,NA,0
H2,2003,2003,2003,0,0,1,Import,320,Guatemala,GTM,842,USA,USA,NA,NA,NA,NA,NA,NA,NA,TOTAL,ALL COMMODITIES,1,No Quantity,NA,NA,NA,NA,NA,NA,2944266816,NA,NA,0
H2,2003,2003,2003,0,0,2,Export,320,Guatemala,GTM,842,USA,USA,NA,NA,NA,NA,NA,NA,NA,TOTAL,ALL COMMODITIES,1,No Quantity,NA,NA,NA,NA,NA,NA,791018798,NA,NA,0
H2,2004,2004,2004,0,0,1,Import,320,Guatemala,GTM,156,China,CHN,NA,NA,NA,NA,NA,NA,NA,TOTAL,ALL COMMODITIES,1,No Quantity,NA,NA,NA,NA,NA,NA,149465481,NA,NA,0
H2,2004,2004,2004,0,0,2,Export,320,Guatemala,GTM,156,China,CHN,NA,NA,NA,NA,NA,NA,NA,TOTAL,ALL COMMODITIES,1,No Quantity,NA,NA,NA,NA,NA,NA,19359540,NA,NA,0
H2,2004,2004,2004,0,0,1,Import,320,Guatemala,GTM,222,El Salvador,SLV,NA,NA,NA,NA,NA,NA,NA,TOTAL,ALL COMMODITIES,1,No Quantity,NA,NA,NA,NA,NA,NA,434906667,NA,NA,0
H2,2004,2004,2004,0,0,2,Export,320,Guatemala,GTM,222,El Salvador,SLV,NA,NA,NA,NA,NA,NA,NA,TOTAL,ALL COMMODITIES,1,No Quantity,NA,NA,NA,NA,NA,NA,544845640,NA,NA,0
H2,2004,2004,2004,0,0,1,Import,320,Guatemala,GTM,484,Mexico,MEX,NA,NA,NA,NA,NA,NA,NA,TOTAL,ALL COMMODITIES,1,No Quantity,NA,NA,NA,NA,NA,NA,637570228,NA,NA,0
H2,2004,2004,2004,0,0,2,Export,320,Guatemala,GTM,484,Mexico,MEX,NA,NA,NA,NA,NA,NA,NA,TOTAL,ALL COMMODITIES,1,No Quantity,NA,NA,NA,NA,NA,NA,133351840,NA,NA,0
H2,2004,2004,2004,0,0,1,Import,320,Guatemala,GTM,842,USA,USA,NA,NA,NA,NA,NA,NA,NA,TOTAL,ALL COMMODITIES,1,No Quantity,NA,NA,NA,NA,NA,NA,3198855254,NA,NA,0
H2,2004,2004,2004,0,0,2,Export,320,Guatemala,GTM,842,USA,USA,NA,NA,NA,NA,NA,NA,NA,TOTAL,ALL COMMODITIES,1,No Quantity,NA,NA,NA,NA,NA,NA,860741126,NA,NA,0
H2,2005,2005,2005,0,0,1,Import,320,Guatemala,GTM,156,China,CHN,NA,NA,NA,NA,NA,NA,NA,TOTAL,ALL COMMODITIES,1,No Quantity,NA,NA,NA,NA,NA,NA,752091011,NA,NA,0
H2,2005,2005,2005,0,0,2,Export,320,Guatemala,GTM,156,China,CHN,NA,NA,NA,NA,NA,NA,NA,TOTAL,ALL COMMODITIES,1,No Quantity,NA,NA,NA,NA,NA,NA,36676540,NA,NA,0
H2,2005,2005,2005,0,0,1,Import,320,Guatemala,GTM,222,El Salvador,SLV,NA,NA,NA,NA,NA,NA,NA,TOTAL,ALL COMMODITIES,1,No Quantity,NA,NA,NA,NA,NA,NA,369125221,NA,NA,0
H2,2005,2005,2005,0,0,2,Export,320,Guatemala,GTM,222,El Salvador,SLV,NA,NA,NA,NA,NA,NA,NA,TOTAL,ALL COMMODITIES,1,No Quantity,NA,NA,NA,NA,NA,NA,653001138,NA,NA,0
H2,2005,2005,2005,0,0,1,Import,320,Guatemala,GTM,484,Mexico,MEX,NA,NA,NA,NA,NA,NA,NA,TOTAL,ALL COMMODITIES,1,No Quantity,NA,NA,NA,NA,NA,NA,910163471,NA,NA,0
H2,2005,2005,2005,0,0,2,Export,320,Guatemala,GTM,484,Mexico,MEX,NA,NA,NA,NA,NA,NA,NA,TOTAL,ALL COMMODITIES,1,No Quantity,NA,NA,NA,NA,NA,NA,215842389,NA,NA,0
H2,2005,2005,2005,0,0,1,Import,320,Guatemala,GTM,842,USA,USA,NA,NA,NA,NA,NA,NA,NA,TOTAL,ALL COMMODITIES,1,No Quantity,NA,NA,NA,NA,NA,NA,3558260926,NA,NA,0
H2,2005,2005,2005,0,0,2,Export,320,Guatemala,GTM,842,USA,USA,NA,NA,NA,NA,NA,NA,NA,TOTAL,ALL COMMODITIES,1,No Quantity,NA,NA,NA,NA,NA,NA,2694229471,NA,NA,0
H2,2006,2006,2006,0,0,1,Import,320,Guatemala,GTM,156,China,CHN,NA,NA,NA,NA,NA,NA,NA,TOTAL,ALL COMMODITIES,1,No Quantity,NA,NA,NA,NA,NA,NA,453225875,NA,NA,0
H2,2006,2006,2006,0,0,2,Export,320,Guatemala,GTM,156,China,CHN,NA,NA,NA,NA,NA,NA,NA,TOTAL,ALL COMMODITIES,1,No Quantity,NA,NA,NA,NA,NA,NA,29920386,NA,NA,0
H2,2006,2006,2006,0,0,1,Import,320,Guatemala,GTM,222,El Salvador,SLV,NA,NA,NA,NA,NA,NA,NA,TOTAL,ALL COMMODITIES,1,No Quantity,NA,NA,NA,NA,NA,NA,283636364,NA,NA,0
H2,2006,2006,2006,0,0,2,Export,320,Guatemala,GTM,222,El Salvador,SLV,NA,NA,NA,NA,NA,NA,NA,TOTAL,ALL COMMODITIES,1,No Quantity,NA,NA,NA,NA,NA,NA,489519575,NA,NA,0
H2,2006,2006,2006,0,0,1,Import,320,Guatemala,GTM,484,Mexico,MEX,NA,NA,NA,NA,NA,NA,NA,TOTAL,ALL COMMODITIES,1,No Quantity,NA,NA,NA,NA,NA,NA,868971539,NA,NA,0
H2,2006,2006,2006,0,0,2,Export,320,Guatemala,GTM,484,Mexico,MEX,NA,NA,NA,NA,NA,NA,NA,TOTAL,ALL COMMODITIES,1,No Quantity,NA,NA,NA,NA,NA,NA,174085850,NA,NA,0
H2,2006,2006,2006,0,0,1,Import,320,Guatemala,GTM,842,USA,USA,NA,NA,NA,NA,NA,NA,NA,TOTAL,ALL COMMODITIES,1,No Quantity,NA,NA,NA,NA,NA,NA,3698168680,NA,NA,0
H2,2006,2006,2006,0,0,2,Export,320,Guatemala,GTM,842,USA,USA,NA,NA,NA,NA,NA,NA,NA,TOTAL,ALL COMMODITIES,1,No Quantity,NA,NA,NA,NA,NA,NA,1004967351,NA,NA,0
H3,2007,2007,2007,0,0,1,Import,320,Guatemala,GTM,156,China,CHN,NA,NA,NA,NA,NA,NA,NA,TOTAL,All Commodities,1,No Quantity,NA,NA,NA,NA,NA,NA,777876241,NA,NA,0
H3,2007,2007,2007,0,0,2,Export,320,Guatemala,GTM,156,China,CHN,NA,NA,NA,NA,NA,NA,NA,TOTAL,All Commodities,1,No Quantity,NA,NA,NA,NA,NA,NA,58209706,NA,NA,0
H3,2007,2007,2007,0,0,1,Import,320,Guatemala,GTM,222,El Salvador,SLV,NA,NA,NA,NA,NA,NA,NA,TOTAL,All Commodities,1,No Quantity,NA,NA,NA,NA,NA,NA,620817136,NA,NA,0
H3,2007,2007,2007,0,0,2,Export,320,Guatemala,GTM,222,El Salvador,SLV,NA,NA,NA,NA,NA,NA,NA,TOTAL,All Commodities,1,No Quantity,NA,NA,NA,NA,NA,NA,841286751,NA,NA,0
H3,2007,2007,2007,0,0,1,Import,320,Guatemala,GTM,484,Mexico,MEX,NA,NA,NA,NA,NA,NA,NA,TOTAL,All Commodities,1,No Quantity,NA,NA,NA,NA,NA,NA,1179593634,NA,NA,0
H3,2007,2007,2007,0,0,2,Export,320,Guatemala,GTM,484,Mexico,MEX,NA,NA,NA,NA,NA,NA,NA,TOTAL,All Commodities,1,No Quantity,NA,NA,NA,NA,NA,NA,463724746,NA,NA,0
H3,2007,2007,2007,0,0,1,Import,320,Guatemala,GTM,842,USA,USA,NA,NA,NA,NA,NA,NA,NA,TOTAL,All Commodities,1,No Quantity,NA,NA,NA,NA,NA,NA,4728229348,NA,NA,0
H3,2007,2007,2007,0,0,2,Export,320,Guatemala,GTM,842,USA,USA,NA,NA,NA,NA,NA,NA,NA,TOTAL,All Commodities,1,No Quantity,NA,NA,NA,NA,NA,NA,2934363046,NA,NA,0
H3,2008,2008,2008,0,0,1,Import,320,Guatemala,GTM,156,China,CHN,NA,NA,NA,NA,NA,NA,NA,TOTAL,All Commodities,1,No Quantity,NA,NA,NA,NA,NA,NA,840467517,NA,NA,0
H3,2008,2008,2008,0,0,2,Export,320,Guatemala,GTM,156,China,CHN,NA,NA,NA,NA,NA,NA,NA,TOTAL,All Commodities,1,No Quantity,NA,NA,NA,NA,NA,NA,31767491,NA,NA,0
H3,2008,2008,2008,0,0,1,Import,320,Guatemala,GTM,222,El Salvador,SLV,NA,NA,NA,NA,NA,NA,NA,TOTAL,All Commodities,1,No Quantity,NA,NA,NA,NA,NA,NA,687205962,NA,NA,0
H3,2008,2008,2008,0,0,2,Export,320,Guatemala,GTM,222,El Salvador,SLV,NA,NA,NA,NA,NA,NA,NA,TOTAL,All Commodities,1,No Quantity,NA,NA,NA,NA,NA,NA,972585302,NA,NA,0
H3,2008,2008,2008,0,0,1,Import,320,Guatemala,GTM,484,Mexico,MEX,NA,NA,NA,NA,NA,NA,NA,TOTAL,All Commodities,1,No Quantity,NA,NA,NA,NA,NA,NA,1405430653,NA,NA,0
H3,2008,2008,2008,0,0,2,Export,320,Guatemala,GTM,484,Mexico,MEX,NA,NA,NA,NA,NA,NA,NA,TOTAL,All Commodities,1,No Quantity,NA,NA,NA,NA,NA,NA,509492695,NA,NA,0
H3,2008,2008,2008,0,0,1,Import,320,Guatemala,GTM,842,USA,USA,NA,NA,NA,NA,NA,NA,NA,TOTAL,All Commodities,1,No Quantity,NA,NA,NA,NA,NA,NA,5334624361,NA,NA,0
H3,2008,2008,2008,0,0,2,Export,320,Guatemala,GTM,842,USA,USA,NA,NA,NA,NA,NA,NA,NA,TOTAL,All Commodities,1,No Quantity,NA,NA,NA,NA,NA,NA,3048511642,NA,NA,0
H3,2009,2009,2009,0,0,1,Import,320,Guatemala,GTM,156,China,CHN,NA,NA,NA,NA,NA,NA,NA,TOTAL,All Commodities,1,No Quantity,NA,NA,NA,NA,NA,NA,1036251374,NA,NA,0
H3,2009,2009,2009,0,0,2,Export,320,Guatemala,GTM,156,China,CHN,NA,NA,NA,NA,NA,NA,NA,TOTAL,All Commodities,1,No Quantity,NA,NA,NA,NA,NA,NA,30248882,NA,NA,0
H3,2009,2009,2009,0,0,1,Import,320,Guatemala,GTM,222,El Salvador,SLV,NA,NA,NA,NA,NA,NA,NA,TOTAL,All Commodities,1,No Quantity,NA,NA,NA,NA,NA,NA,463029320,NA,NA,0
H3,2009,2009,2009,0,0,2,Export,320,Guatemala,GTM,222,El Salvador,SLV,NA,NA,NA,NA,NA,NA,NA,TOTAL,All Commodities,1,No Quantity,NA,NA,NA,NA,NA,NA,817282970,NA,NA,0
H3,2009,2009,2009,0,0,1,Import,320,Guatemala,GTM,484,Mexico,MEX,NA,NA,NA,NA,NA,NA,NA,TOTAL,All Commodities,1,No Quantity,NA,NA,NA,NA,NA,NA,1198655312,NA,NA,0
H3,2009,2009,2009,0,0,2,Export,320,Guatemala,GTM,484,Mexico,MEX,NA,NA,NA,NA,NA,NA,NA,TOTAL,All Commodities,1,No Quantity,NA,NA,NA,NA,NA,NA,424510072,NA,NA,0
H3,2009,2009,2009,0,0,1,Import,320,Guatemala,GTM,842,USA,USA,NA,NA,NA,NA,NA,NA,NA,TOTAL,All Commodities,1,No Quantity,NA,NA,NA,NA,NA,NA,4174414565,NA,NA,0
H3,2009,2009,2009,0,0,2,Export,320,Guatemala,GTM,842,USA,USA,NA,NA,NA,NA,NA,NA,NA,TOTAL,All Commodities,1,No Quantity,NA,NA,NA,NA,NA,NA,2953261317,NA,NA,0
H3,2010,2010,2010,0,0,1,Import,320,Guatemala,GTM,156,China,CHN,NA,NA,NA,NA,NA,NA,NA,TOTAL,All Commodities,1,No Quantity,NA,NA,NA,NA,NA,NA,983652450,NA,NA,0
H3,2010,2010,2010,0,0,2,Export,320,Guatemala,GTM,156,China,CHN,NA,NA,NA,NA,NA,NA,NA,TOTAL,All Commodities,1,No Quantity,NA,NA,NA,NA,NA,NA,34939835,NA,NA,0
H3,2010,2010,2010,0,0,1,Import,320,Guatemala,GTM,222,El Salvador,SLV,NA,NA,NA,NA,NA,NA,NA,TOTAL,All Commodities,1,No Quantity,NA,NA,NA,NA,NA,NA,675571696,NA,NA,0
H3,2010,2010,2010,0,0,2,Export,320,Guatemala,GTM,222,El Salvador,SLV,NA,NA,NA,NA,NA,NA,NA,TOTAL,All Commodities,1,No Quantity,NA,NA,NA,NA,NA,NA,993793094,NA,NA,0
H3,2010,2010,2010,0,0,1,Import,320,Guatemala,GTM,484,Mexico,MEX,NA,NA,NA,NA,NA,NA,NA,TOTAL,All Commodities,1,No Quantity,NA,NA,NA,NA,NA,NA,1542537717,NA,NA,0
H3,2010,2010,2010,0,0,2,Export,320,Guatemala,GTM,484,Mexico,MEX,NA,NA,NA,NA,NA,NA,NA,TOTAL,All Commodities,1,No Quantity,NA,NA,NA,NA,NA,NA,447343570,NA,NA,0
H3,2010,2010,2010,0,0,1,Import,320,Guatemala,GTM,842,USA,USA,NA,NA,NA,NA,NA,NA,NA,TOTAL,All Commodities,1,No Quantity,NA,NA,NA,NA,NA,NA,5125631524,NA,NA,0
H3,2010,2010,2010,0,0,2,Export,320,Guatemala,GTM,842,USA,USA,NA,NA,NA,NA,NA,NA,NA,TOTAL,All Commodities,1,No Quantity,NA,NA,NA,NA,NA,NA,3283734538,NA,NA,0
H3,2011,2011,2011,0,0,1,Import,320,Guatemala,GTM,156,China,CHN,NA,NA,NA,NA,NA,NA,NA,TOTAL,All Commodities,1,No Quantity,NA,NA,NA,NA,NA,NA,1144082550,NA,NA,0
H3,2011,2011,2011,0,0,2,Export,320,Guatemala,GTM,156,China,CHN,NA,NA,NA,NA,NA,NA,NA,TOTAL,All Commodities,1,No Quantity,NA,NA,NA,NA,NA,NA,27940866,NA,NA,0
H3,2011,2011,2011,0,0,1,Import,320,Guatemala,GTM,222,El Salvador,SLV,NA,NA,NA,NA,NA,NA,NA,TOTAL,All Commodities,1,No Quantity,NA,NA,NA,NA,NA,NA,820369591,NA,NA,0
H3,2011,2011,2011,0,0,2,Export,320,Guatemala,GTM,222,El Salvador,SLV,NA,NA,NA,NA,NA,NA,NA,TOTAL,All Commodities,1,No Quantity,NA,NA,NA,NA,NA,NA,1125928493,NA,NA,0
H3,2011,2011,2011,0,0,1,Import,320,Guatemala,GTM,484,Mexico,MEX,NA,NA,NA,NA,NA,NA,NA,TOTAL,All Commodities,1,No Quantity,NA,NA,NA,NA,NA,NA,1859015291,NA,NA,0
H3,2011,2011,2011,0,0,2,Export,320,Guatemala,GTM,484,Mexico,MEX,NA,NA,NA,NA,NA,NA,NA,TOTAL,All Commodities,1,No Quantity,NA,NA,NA,NA,NA,NA,510787539,NA,NA,0
H3,2011,2011,2011,0,0,1,Import,320,Guatemala,GTM,842,USA,USA,NA,NA,NA,NA,NA,NA,NA,TOTAL,All Commodities,1,No Quantity,NA,NA,NA,NA,NA,NA,6510430000,NA,NA,0
H3,2011,2011,2011,0,0,2,Export,320,Guatemala,GTM,842,USA,USA,NA,NA,NA,NA,NA,NA,NA,TOTAL,All Commodities,1,No Quantity,NA,NA,NA,NA,NA,NA,4224787668,NA,NA,0
H4,2012,2012,2012,0,0,1,Import,320,Guatemala,GTM,156,China,CHN,NA,NA,NA,NA,NA,NA,NA,TOTAL,All Commodities,1,No Quantity,NA,NA,NA,NA,NA,NA,1264957818,NA,NA,0
H4,2012,2012,2012,0,0,2,Export,320,Guatemala,GTM,156,China,CHN,NA,NA,NA,NA,NA,NA,NA,TOTAL,All Commodities,1,No Quantity,NA,NA,NA,NA,NA,NA,34694935,NA,NA,0
H4,2012,2012,2012,0,0,1,Import,320,Guatemala,GTM,222,El Salvador,SLV,NA,NA,NA,NA,NA,NA,NA,TOTAL,All Commodities,1,No Quantity,NA,NA,NA,NA,NA,NA,780284705,NA,NA,0
H4,2012,2012,2012,0,0,2,Export,320,Guatemala,GTM,222,El Salvador,SLV,NA,NA,NA,NA,NA,NA,NA,TOTAL,All Commodities,1,No Quantity,NA,NA,NA,NA,NA,NA,1110744004,NA,NA,0
H4,2012,2012,2012,0,0,1,Import,320,Guatemala,GTM,484,Mexico,MEX,NA,NA,NA,NA,NA,NA,NA,TOTAL,All Commodities,1,No Quantity,NA,NA,NA,NA,NA,NA,1915631780,NA,NA,0
H4,2012,2012,2012,0,0,2,Export,320,Guatemala,GTM,484,Mexico,MEX,NA,NA,NA,NA,NA,NA,NA,TOTAL,All Commodities,1,No Quantity,NA,NA,NA,NA,NA,NA,549815776,NA,NA,0
H4,2012,2012,2012,0,0,1,Import,320,Guatemala,GTM,842,USA,USA,NA,NA,NA,NA,NA,NA,NA,TOTAL,All Commodities,1,No Quantity,NA,NA,NA,NA,NA,NA,6461996187,NA,NA,0
H4,2012,2012,2012,0,0,2,Export,320,Guatemala,GTM,842,USA,USA,NA,NA,NA,NA,NA,NA,NA,TOTAL,All Commodities,1,No Quantity,NA,NA,NA,NA,NA,NA,4154976456,NA,NA,0
H4,2013,2013,2013,0,0,1,Import,320,Guatemala,GTM,156,China,CHN,NA,NA,NA,NA,NA,NA,NA,TOTAL,All Commodities,1,No Quantity,NA,NA,NA,NA,NA,NA,1438539678,NA,NA,0
H4,2013,2013,2013,0,0,2,Export,320,Guatemala,GTM,156,China,CHN,NA,NA,NA,NA,NA,NA,NA,TOTAL,All Commodities,1,No Quantity,NA,NA,NA,NA,NA,NA,167219669,NA,NA,0
H4,2013,2013,2013,0,0,1,Import,320,Guatemala,GTM,222,El Salvador,SLV,NA,NA,NA,NA,NA,NA,NA,TOTAL,All Commodities,1,No Quantity,NA,NA,NA,NA,NA,NA,819984473,NA,NA,0
H4,2013,2013,2013,0,0,2,Export,320,Guatemala,GTM,222,El Salvador,SLV,NA,NA,NA,NA,NA,NA,NA,TOTAL,All Commodities,1,No Quantity,NA,NA,NA,NA,NA,NA,1108769719,NA,NA,0
H4,2013,2013,2013,0,0,1,Import,320,Guatemala,GTM,484,Mexico,MEX,NA,NA,NA,NA,NA,NA,NA,TOTAL,All Commodities,1,No Quantity,NA,NA,NA,NA,NA,NA,1860241455,NA,NA,0
H4,2013,2013,2013,0,0,2,Export,320,Guatemala,GTM,484,Mexico,MEX,NA,NA,NA,NA,NA,NA,NA,TOTAL,All Commodities,1,No Quantity,NA,NA,NA,NA,NA,NA,469592592,NA,NA,0
H4,2013,2013,2013,0,0,1,Import,320,Guatemala,GTM,842,USA,USA,NA,NA,NA,NA,NA,NA,NA,TOTAL,All Commodities,1,No Quantity,NA,NA,NA,NA,NA,NA,6510815266,NA,NA,0
H4,2013,2013,2013,0,0,2,Export,320,Guatemala,GTM,842,USA,USA,NA,NA,NA,NA,NA,NA,NA,TOTAL,All Commodities,1,No Quantity,NA,NA,NA,NA,NA,NA,3866979897,NA,NA,0
H4,2014,2014,2014,0,0,1,Import,320,Guatemala,GTM,156,China,CHN,NA,NA,NA,NA,NA,NA,NA,TOTAL,All Commodities,1,No Quantity,NA,NA,NA,NA,NA,NA,1796888726,NA,NA,0
H4,2014,2014,2014,0,0,2,Export,320,Guatemala,GTM,156,China,CHN,NA,NA,NA,NA,NA,NA,NA,TOTAL,All Commodities,1,No Quantity,NA,NA,NA,NA,NA,NA,42603220,NA,NA,0
H4,2014,2014,2014,0,0,1,Import,320,Guatemala,GTM,222,El Salvador,SLV,NA,NA,NA,NA,NA,NA,NA,TOTAL,All Commodities,1,No Quantity,NA,NA,NA,NA,NA,NA,830655084,NA,NA,0
H4,2014,2014,2014,0,0,2,Export,320,Guatemala,GTM,222,El Salvador,SLV,NA,NA,NA,NA,NA,NA,NA,TOTAL,All Commodities,1,No Quantity,NA,NA,NA,NA,NA,NA,1263804379,NA,NA,0
H4,2014,2014,2014,0,0,1,Import,320,Guatemala,GTM,484,Mexico,MEX,NA,NA,NA,NA,NA,NA,NA,TOTAL,All Commodities,1,No Quantity,NA,NA,NA,NA,NA,NA,1950048725,NA,NA,0
H4,2014,2014,2014,0,0,2,Export,320,Guatemala,GTM,484,Mexico,MEX,NA,NA,NA,NA,NA,NA,NA,TOTAL,All Commodities,1,No Quantity,NA,NA,NA,NA,NA,NA,432442895,NA,NA,0
H4,2014,2014,2014,0,0,1,Import,320,Guatemala,GTM,842,USA,USA,NA,NA,NA,NA,NA,NA,NA,TOTAL,All Commodities,1,No Quantity,NA,NA,NA,NA,NA,NA,7357976746,NA,NA,0
H4,2014,2014,2014,0,0,2,Export,320,Guatemala,GTM,842,USA,USA,NA,NA,NA,NA,NA,NA,NA,TOTAL,All Commodities,1,No Quantity,NA,NA,NA,NA,NA,NA,3943691612,NA,NA,0
H4,2015,2015,2015,0,0,1,Import,320,Guatemala,GTM,156,China,CHN,NA,NA,NA,NA,NA,NA,NA,TOTAL,All Commodities,1,No Quantity,NA,NA,NA,NA,NA,NA,1868217132,NA,NA,0
H4,2015,2015,2015,0,0,2,Export,320,Guatemala,GTM,156,China,CHN,NA,NA,NA,NA,NA,NA,NA,TOTAL,All Commodities,1,No Quantity,NA,NA,NA,NA,NA,NA,207185396,NA,NA,0
H4,2015,2015,2015,0,0,1,Import,320,Guatemala,GTM,222,El Salvador,SLV,NA,NA,NA,NA,NA,NA,NA,TOTAL,All Commodities,1,No Quantity,NA,NA,NA,NA,NA,NA,903702206,NA,NA,0
H4,2015,2015,2015,0,0,2,Export,320,Guatemala,GTM,222,El Salvador,SLV,NA,NA,NA,NA,NA,NA,NA,TOTAL,All Commodities,1,No Quantity,NA,NA,NA,NA,NA,NA,1239767515,NA,NA,0
H4,2015,2015,2015,0,0,1,Import,320,Guatemala,GTM,484,Mexico,MEX,NA,NA,NA,NA,NA,NA,NA,TOTAL,All Commodities,1,No Quantity,NA,NA,NA,NA,NA,NA,2040031659,NA,NA,0
H4,2015,2015,2015,0,0,2,Export,320,Guatemala,GTM,484,Mexico,MEX,NA,NA,NA,NA,NA,NA,NA,TOTAL,All Commodities,1,No Quantity,NA,NA,NA,NA,NA,NA,429805877,NA,NA,0
H4,2015,2015,2015,0,0,1,Import,320,Guatemala,GTM,842,USA,USA,NA,NA,NA,NA,NA,NA,NA,TOTAL,All Commodities,1,No Quantity,NA,NA,NA,NA,NA,NA,6548454908,NA,NA,0
H4,2015,2015,2015,0,0,2,Export,320,Guatemala,GTM,842,USA,USA,NA,NA,NA,NA,NA,NA,NA,TOTAL,All Commodities,1,No Quantity,NA,NA,NA,NA,NA,NA,3735342822,NA,NA,0
H4,2016,2016,2016,0,0,1,Import,320,Guatemala,GTM,156,China,CHN,NA,NA,NA,NA,NA,NA,NA,TOTAL,All Commodities,1,No Quantity,NA,NA,NA,NA,NA,NA,1846661364,NA,NA,0
H4,2016,2016,2016,0,0,2,Export,320,Guatemala,GTM,156,China,CHN,NA,NA,NA,NA,NA,NA,NA,TOTAL,All Commodities,1,No Quantity,NA,NA,NA,NA,NA,NA,75513549,NA,NA,0
H4,2016,2016,2016,0,0,1,Import,320,Guatemala,GTM,222,El Salvador,SLV,NA,NA,NA,NA,NA,NA,NA,TOTAL,All Commodities,1,No Quantity,NA,NA,NA,NA,NA,NA,902040120,NA,NA,0
H4,2016,2016,2016,0,0,2,Export,320,Guatemala,GTM,222,El Salvador,SLV,NA,NA,NA,NA,NA,NA,NA,TOTAL,All Commodities,1,No Quantity,NA,NA,NA,NA,NA,NA,1204217390,NA,NA,0
H4,2016,2016,2016,0,0,1,Import,320,Guatemala,GTM,484,Mexico,MEX,NA,NA,NA,NA,NA,NA,NA,TOTAL,All Commodities,1,No Quantity,NA,NA,NA,NA,NA,NA,1940613715,NA,NA,0
H4,2016,2016,2016,0,0,2,Export,320,Guatemala,GTM,484,Mexico,MEX,NA,NA,NA,NA,NA,NA,NA,TOTAL,All Commodities,1,No Quantity,NA,NA,NA,NA,NA,NA,458661108,NA,NA,0
H4,2016,2016,2016,0,0,1,Import,320,Guatemala,GTM,842,USA,USA,NA,NA,NA,NA,NA,NA,NA,TOTAL,All Commodities,1,No Quantity,NA,NA,NA,NA,NA,NA,6537799701,NA,NA,0
H4,2016,2016,2016,0,0,2,Export,320,Guatemala,GTM,842,USA,USA,NA,NA,NA,NA,NA,NA,NA,TOTAL,All Commodities,1,No Quantity,NA,NA,NA,NA,NA,NA,3653636687,NA,NA,0
H5,2017,2017,2017,0,0,1,Import,320,Guatemala,GTM,156,China,CHN,NA,NA,NA,NA,NA,NA,NA,TOTAL,All Commodities,1,No Quantity,NA,NA,0,NA,0,NA,1969970103,NA,NA,4
H5,2017,2017,2017,0,0,2,Export,320,Guatemala,GTM,156,China,CHN,NA,NA,NA,NA,NA,NA,NA,TOTAL,All Commodities,1,No Quantity,NA,NA,0,NA,0,NA,60914261,NA,NA,0
H5,2017,2017,2017,0,0,1,Import,320,Guatemala,GTM,222,El Salvador,SLV,NA,NA,NA,NA,NA,NA,NA,TOTAL,All Commodities,1,No Quantity,NA,NA,0,NA,0,NA,972192948,NA,NA,4
H5,2017,2017,2017,0,0,2,Export,320,Guatemala,GTM,222,El Salvador,SLV,NA,NA,NA,NA,NA,NA,NA,TOTAL,All Commodities,1,No Quantity,NA,NA,0,NA,0,NA,1216534630,NA,NA,4
H5,2017,2017,2017,0,0,1,Import,320,Guatemala,GTM,484,Mexico,MEX,NA,NA,NA,NA,NA,NA,NA,TOTAL,All Commodities,1,No Quantity,NA,NA,0,NA,0,NA,1964467126,NA,NA,4
H5,2017,2017,2017,0,0,2,Export,320,Guatemala,GTM,484,Mexico,MEX,NA,NA,NA,NA,NA,NA,NA,TOTAL,All Commodities,1,No Quantity,NA,NA,0,NA,0,NA,510994214,NA,NA,4
H5,2017,2017,2017,0,0,1,Import,320,Guatemala,GTM,842,USA,USA,NA,NA,NA,NA,NA,NA,NA,TOTAL,All Commodities,1,No Quantity,NA,NA,0,NA,0,NA,7337752714,NA,NA,4
H5,2017,2017,2017,0,0,2,Export,320,Guatemala,GTM,842,USA,USA,NA,NA,NA,NA,NA,NA,NA,TOTAL,All Commodities,1,No Quantity,NA,NA,0,NA,0,NA,3797850941,NA,NA,4
H5,2018,2018,2018,0,0,1,Import,320,Guatemala,GTM,156,China,CHN,NA,NA,NA,NA,NA,NA,NA,TOTAL,All Commodities,1,No Quantity,NA,NA,0,NA,0,NA,2157482224,NA,NA,4
H5,2018,2018,2018,0,0,2,Export,320,Guatemala,GTM,156,China,CHN,NA,NA,NA,NA,NA,NA,NA,TOTAL,All Commodities,1,No Quantity,NA,NA,0,NA,0,NA,43276053,NA,NA,4
H5,2018,2018,2018,0,0,1,Import,320,Guatemala,GTM,222,El Salvador,SLV,NA,NA,NA,NA,NA,NA,NA,TOTAL,All Commodities,1,No Quantity,NA,NA,0,NA,0,NA,1025106051,NA,NA,4
H5,2018,2018,2018,0,0,2,Export,320,Guatemala,GTM,222,El Salvador,SLV,NA,NA,NA,NA,NA,NA,NA,TOTAL,All Commodities,1,No Quantity,NA,NA,0,NA,0,NA,1335072215,NA,NA,4
H5,2018,2018,2018,0,0,1,Import,320,Guatemala,GTM,484,Mexico,MEX,NA,NA,NA,NA,NA,NA,NA,TOTAL,All Commodities,1,No Quantity,NA,NA,0,NA,0,NA,2133569734,NA,NA,4
H5,2018,2018,2018,0,0,2,Export,320,Guatemala,GTM,484,Mexico,MEX,NA,NA,NA,NA,NA,NA,NA,TOTAL,All Commodities,1,No Quantity,NA,NA,0,NA,0,NA,508164307,NA,NA,4
H5,2018,2018,2018,0,0,1,Import,320,Guatemala,GTM,842,USA,USA,NA,NA,NA,NA,NA,NA,NA,TOTAL,All Commodities,1,No Quantity,NA,NA,0,NA,0,NA,7476074110,NA,NA,4
H5,2018,2018,2018,0,0,2,Export,320,Guatemala,GTM,842,USA,USA,NA,NA,NA,NA,NA,NA,NA,TOTAL,All Commodities,1,No Quantity,NA,NA,0,NA,0,NA,3921561477,NA,NA,4
H5,2019,2019,2019,0,0,1,Import,320,Guatemala,GTM,156,China,CHN,NA,NA,NA,NA,NA,NA,NA,TOTAL,All Commodities,1,No Quantity,NA,NA,0,NA,0,NA,2227100980,NA,NA,4
H5,2019,2019,2019,0,0,2,Export,320,Guatemala,GTM,156,China,CHN,NA,NA,NA,NA,NA,NA,NA,TOTAL,All Commodities,1,No Quantity,NA,NA,0,NA,0,NA,190508590,NA,NA,4
H5,2019,2019,2019,0,0,1,Import,320,Guatemala,GTM,222,El Salvador,SLV,NA,NA,NA,NA,NA,NA,NA,TOTAL,All Commodities,1,No Quantity,NA,NA,0,NA,0,NA,1034350048,NA,NA,4
H5,2019,2019,2019,0,0,2,Export,320,Guatemala,GTM,222,El Salvador,SLV,NA,NA,NA,NA,NA,NA,NA,TOTAL,All Commodities,1,No Quantity,NA,NA,0,NA,0,NA,1383082151,NA,NA,4
H5,2019,2019,2019,0,0,1,Import,320,Guatemala,GTM,484,Mexico,MEX,NA,NA,NA,NA,NA,NA,NA,TOTAL,All Commodities,1,No Quantity,NA,NA,0,NA,0,NA,2192360415,NA,NA,4
H5,2019,2019,2019,0,0,2,Export,320,Guatemala,GTM,484,Mexico,MEX,NA,NA,NA,NA,NA,NA,NA,TOTAL,All Commodities,1,No Quantity,NA,NA,0,NA,0,NA,555446761,NA,NA,4
H5,2019,2019,2019,0,0,1,Import,320,Guatemala,GTM,842,USA,USA,NA,NA,NA,NA,NA,NA,NA,TOTAL,All Commodities,1,No Quantity,NA,NA,0,NA,0,NA,7368361464,NA,NA,4
H5,2019,2019,2019,0,0,2,Export,320,Guatemala,GTM,842,USA,USA,NA,NA,NA,NA,NA,NA,NA,TOTAL,All Commodities,1,No Quantity,NA,NA,0,NA,0,NA,3849482614,NA,NA,4
H5,2020,2020,2020,0,0,1,Import,320,Guatemala,GTM,156,China,CHN,NA,NA,NA,NA,NA,NA,NA,TOTAL,All Commodities,1,No Quantity,NA,NA,0,NA,0,NA,2251500423,NA,NA,4
H5,2020,2020,2020,0,0,2,Export,320,Guatemala,GTM,156,China,CHN,NA,NA,NA,NA,NA,NA,NA,TOTAL,All Commodities,1,No Quantity,NA,NA,0,NA,0,NA,227750120,NA,NA,4
H5,2020,2020,2020,0,0,1,Import,320,Guatemala,GTM,222,El Salvador,SLV,NA,NA,NA,NA,NA,NA,NA,TOTAL,All Commodities,1,No Quantity,NA,NA,0,NA,0,NA,974906451,NA,NA,4
H5,2020,2020,2020,0,0,2,Export,320,Guatemala,GTM,222,El Salvador,SLV,NA,NA,NA,NA,NA,NA,NA,TOTAL,All Commodities,1,No Quantity,NA,NA,0,NA,0,NA,1313447063,NA,NA,4
H5,2020,2020,2020,0,0,1,Import,320,Guatemala,GTM,484,Mexico,MEX,NA,NA,NA,NA,NA,NA,NA,TOTAL,All Commodities,1,No Quantity,NA,NA,0,NA,0,NA,2123864638,NA,NA,4
H5,2020,2020,2020,0,0,2,Export,320,Guatemala,GTM,484,Mexico,MEX,NA,NA,NA,NA,NA,NA,NA,TOTAL,All Commodities,1,No Quantity,NA,NA,0,NA,0,NA,462757198,NA,NA,4
H5,2020,2020,2020,0,0,1,Import,320,Guatemala,GTM,842,USA,USA,NA,NA,NA,NA,NA,NA,NA,TOTAL,All Commodities,1,No Quantity,NA,NA,0,NA,0,NA,6294934577,NA,NA,4
H5,2020,2020,2020,0,0,2,Export,320,Guatemala,GTM,842,USA,USA,NA,NA,NA,NA,NA,NA,NA,TOTAL,All Commodities,1,No Quantity,NA,NA,0,NA,0,NA,3763785832,NA,NA,4
